coverage_type,level,number_2022,moe_2022,number_2023,moe_2023
Any health plan,0,"304,000",746,"305,200",704
Total,0,"330,000",130,"331,700",145
Uninsured,0,"25,940",739,"26,440",700
Any private plan,1,"216,500","1,399","216,800","1,294"
Any public plan,1,"119,100","1,183","120,400","1,172"
Direct-purchase,2,"32,800",661,"33,850",731
Employment-based,2,"179,800","1,369","178,200","1,345"
Medicaid,2,"62,050","1,112","62,700","1,103"
Medicare,2,"61,570",392,"62,550",395
TRICARE,2,"7,817",485,"8,721",520
VA and CHAMPVA,2,"3,354",214,"3,171",206
Marketplace,3,"11,840",461,"13,320",483
